#Greek

bosporan,greek
syracusan,greek
achaean,greek
epirote,greek
boeotian,greek
peloponnesian,greek
athenian,greek
peloponnesian,greek
euboean,greek
aetolian,greek
aegean,greek
macedonian,greek
parthinian,greek
thracian,thracian
cretan,greek
greco_pontic,greek
italiotian,greek
massalian,greek
cyrenaican,greek
argolian,greek
arcadian,greek
aeolian,greek
troan,greek
ionian,greek
#bithynian,greek
cypriot,greek
thessalian,greek
greco_indian,greek
greek,greek

#Latin

roman,roman
hispania,roman
gaul,roman
brittania,roman
africa,roman	
illyria,roman
sardonian,roman
lucanian,sabellian
sabellian,sabellian
samnite,sabellian
bruttian,sabellian
osco_umbrian,sabellian
umbrian,sabellian
siculian,siculian
ligurian,old_ligurian
venetic,venetic

#PreIndoEuropean

etruscan,etruscan
nuragic,nuragic
corsian,nuragic
talaiotic,nuragic
ilienses,nuragic
balares,nuragic
vasconian,basque
cantabrian,basque
ilergetian,basque
aquitani,basque
autrigonian,basque
rhaetian,rhaetian

#Gallic

lepontic,lepontic
#belgic,belgae
aremorican,gallic
vindelician,gallic
helvetian,gallic
#belgae,belgae
biturigan,gallic
volcae,gallic
salluvian,gallic
haedui,gallic
carnuti,gallic
#treverian,treverian
santonian,gallic
lemovician,gallic
pictonian,gallic
aulercian,gallic
celtic_pannonian,celtic_pannonian
arverni,gallic
#carnian,carnian
#letobician,letobician
#boian,boian

#Belgae
belgae,belgae
belgic,belgae
treverian,belgae
aduatacian,belgae
eburonian,belgae
nervian,belgae
morinian,belgae
veliocassian,belgae
bellovacian,belgae
sennonian,belgae
ubian,belgae

#CeltPannonian
celtic_pannonian,celtic_pannonian
letobician,celtic_pannonian
carnian,celtic_pannonian
noric,celtic_pannonian
boian,celtic_pannonian
eravisci,celtic_pannonian
galatian,celtic_pannonian

#Gaelic

hibernian,irish
manavian,manx

#Brythonic
ordovitian,welsh
demetian,welsh
cornovian,welsh
taexalian,pictish
caledonian,pictish
dumnonian,breton
britannic,welsh

#iceni,iceni
#trinovantian,trinovantian
#cantian,cantian
#durotrigan,durotrigan
#dobunnian,dobunnian
#coritani,coritani
#brigantic,brigantic

iceni,welsh
trinovantian,welsh
cantian,welsh
durotrigan,welsh
dobunnian,welsh
coritani,welsh
brigantic,welsh
briton,welsh
votadinian,pictish
damnonian,pictish
pict,pictish

#Punic
carthaginian,carthaginian
phoenician,phoenician

#Germanic
suebian,suebi
irminonic,suebi
saxonian,old_saxon
anglian,old_saxon
ingvaeonic,old_saxon
frisian,frisian
rugian,norse
suiones,norse
gutones,norse
raumarician,norse
teutonian,norse
cimbrian,norse
scandian,norse
vandal,vandal
helveconian,vandal
lemovian,gothic
herulian,gothic
gothonic,gothic
bastarnae,gothic
istvaeonic,old_frankish
franks,old_frankish
anglosaxon,saxon
lombards,lombard


#Egyptian

egyptian,ancient_egyptian
upper_egyptian,ancient_egyptian
middle_egyptian,ancient_egyptian

#NorthAfrican

numidian,maghreb_arabic
berber,maghreb_arabic
gaetulian,maghreb_arabic
socossian,maghreb_arabic
massaesylian,maghreb_arabic
massylian,maghreb_arabic
garamantic,maghreb_arabic
libyan,maghreb_arabic
nasamonian,maghreb_arabic
macaean,maghreb_arabic
psyllic,maghreb_arabic
phazani,maghreb_arabic
lotophagoi,maghreb_arabic
gyzantian,maghreb_arabic
moyan,maghreb_arabic
alutan,maghreb_arabic
boran,maghreb_arabic

#Illyrian

taulantian,arberian
histrian,arberian
liburnian,arberian
liburnian_culture,arberian
catari,arberian
deraemestian,arberian
deurian,arberian
messapian,arberian
paeonian,arberian
dardanian,arberian
abrian,arberian
greco_illyrian,arberian
pannonian,arberian
iapodian,arberian

#Scythian
scythian,saka
sarmatian,saka
roxolanian,saka
kharesmian,saka
derbiccan,saka
sindi,saka
siraci,saka
maeotian,saka
saka,saka
sakan,saka
thyssagetaen,saka
legian,saka
agathyrsian,saka

#Arabian
hadhrami,bedouin_arabic
qatabanian,bedouin_arabic
sheban,bedouin_arabic
minaean,bedouin_arabic
himjar,bedouin_arabic
makan,bedouin_arabic
taif,bedouin_arabic
thamudi,bedouin_arabic
qedarite,bedouin_arabic
nabatean,nabatean

#Israeli
hebrew,hebrew

#Dacian
dacian,dacian
getian,dacian
triballoi,dacian
moesi,dacian
harpii,dacian
costoboci,dacian
buridavensi,dacian
caucoensi,dacian
ratacensi,dacian
biephi,dacian
odrysi,thracian
bithynian,thracian
mariandynian,thracian

#Georgian
ibero,georgian
colchian,georgian

#Dagestani

albanian,caucasian_albanian

#Iberic

oretanian,iberic
contestanian,iberic
ilercavonian,iberic
edetanian,iberic
lacetanian,iberic
indiketian,iberic
ausetanian,iberic
couneian,iberic
turdulian,iberic
turdetanian,turdetanian
bastetanian,iberic

#Celtiberan

caristian,celtiberian
celtician,celtiberian
lusitanian,lusitanian
vettonian,lusitanian
carpetanian,celtiberian
celtiberian,celtiberian
lobetanian,celtiberian
sedetanian,celtiberian
vaccaeian,celtiberian
asturian,celtiberian
callaecian,celtiberian
vardulian,celtiberian

#Anatolian

pamphylian,greek
lalasian,greek
cappadocian,persian
cataonian,persian
morimenian,persian
pontic,persian
lycian,lycian
lydian,lycian
carian,lycian
pisidian,lycian
milyadian,lycian
cabalian,lycian
mysian,phrygian
phrygian,phrygian
lycaonian,isaurian
isaurian,isaurian
oroandian,isaurian
paphlagonian,paphlagonian
cilician,cilician
kennataian,cilician

#Armenian

armenian,armenian

#Mesopotamian

aramaic,assyrian
assyrian,assyrian
babylonian,babylonian

#NubianAndEthiopian

puntic,somali
aksumite,ethiopian
meroitic,nubian
blemmyan,nubian
lower_nubian,nubian

#Tibetan

zhangzhung,zhangzhung
yarlung,bodpa
tsang,bodpa
sumpa,sumpa

#Persian

elamite,persian
utian,persian
pasargadi,persian
sagartian,persian
uxian,persian
amardian,persian
cossian,persian
cadusian,persian
parthian,persian
median,persian
hyrcanian,persian
sattagydian,persian
sarangian,persian
carmanian,persian
pactyan,afghan
gedrosian,baloch
parecanian,baloch

#Bactrian

bactrian,sogdian
margian,sogdian
sogdian,sogdian
shule,sogdian
phryni,sogdian
tayuan,sogdian
wusun,sogdian
yuezhi,sogdian
tocharian,tocharian

#EasternIndian

magadhi,bengali
bangli,bengali
pandra,bengali
vanga,bengali
kasi,bengali
vrij,bengali
malla,bengali
himalayan,nepali
kamarupi,assamese
kalingan,oriya
savara,oriya
atavi,hindustani

#WesternIndian

lankan,sinhala
gandhari,panjabi
dardic,panjabi
#mayChangeToKashmiri
sindhi,sindhi
avanti,rajput
saurashtran,gujurati
shauraseni,hindustani
maharashtran,marathi
vidharban,marathi

#Dravidian
kannadan,kannada
alupan,kannada
kuntalan,kannada
tamil,tamil
pandyan,tamil
cheran,tamil
cholan,tamil
telugu,telugu
assaka,telugu
andhran,telugu

#Baltic
aestian,prussian
sporic,prussian
neuric,prussian

#Turkic
khazars,khazar
turks,turkish
alans,alan
bulgars,bolghar
avars,avar
huns,hunnic
hunnic,hunnic

#Slavic
polanes,polish
